job,salary,company
Java,30-50K,支付宝
Java,10-15K,宇信科技
Java,16-25K,乐视
Java,20-40K,阿里健康
java,14-18K,软通动力
中级JAVA,20-35K,有利网
Java,6-10K,中科软科技
Java,15-30K,VIPKID
JAVA,15-30K,百度
Java,10-16K,国通合众
java,13-14K,软通动力
Java,13-18K,柯莱特集团
Java,30-60K,美团网
Java,8-15K,中科软
java,13-16K·13薪,北京勤实信息
Java,15-30K,品友互动
Java工程师,25-50K,Boss直聘
Java,13-16K,君凯电子科技有限公司
Java,13-23K,东华博雅
Java,9-11K,宇信科技
高级Java工程师,15-20K,京北方
Java,15-25K,天神娱乐
Java,11-17K,宇信科技
Java,25-50K,蚂蚁金服
Java,25-30K,旷视MEGVII
Java,10-15K,软通动力
Java,12-24K,蓝凌软件
Java,25-50K,支付宝
java工程师,20-40K,阿里巴巴集团
Java,8-15K,东信北邮
产品编辑,6-8K·13薪,中国知网
编辑,5-8K,健力源餐饮
文案编辑,6-10K,黛美国际医疗整形
编辑,8-13K,人民网
文案编辑,6-9K,壹元服务
网站编辑,6-8K,东易日盛
编辑,12-18K,时代周报
体育编辑,4-8K,疯狂体育
编辑,8-13K,闻视频
网站编辑,5-8K,华图教育
编辑,8-13K,北京三月雨
美食编辑,8-12K,震惊文化
文案编辑,5-10K,富元星达建筑
政治编辑,6-8K,曲一线
游戏视频广告创意制作,15-25K,猎豹移动
地图数据编辑,10-15K,魔门塔科技
光学 电子 学术编辑,9-12K,曼迪匹艾
图书版式编辑,7-9K,好未来
财经编辑,5-8K,中方信富
网站编辑,5-6K,掘金企服
高级编辑,10-15K,伍叁零传播
汽车销售经理,15-30K,阳光奥达汽车
广告创意文案,16-22K·13薪,省广博报堂北京分公司
广告创意,8-13K,纵横视线
广告创意,8-10K,上海观池
广告创意,10-15K,北京有马动漫
广告创意,20-30K,潞茗思悦
广告创意,1-3K,三人行
广告创意,12-18K,北京思锐品牌咨询机构
广告创意,8-9K,新势瀚海
广告创意,5-8K,前港优美餐饮管理
广告创意,6-11K,简创意空间
广告创意,8-13K,一颗文化
广告创意,8-15K,理想国文化传媒
投资经理,6-11K,北京华玺财富
教务管理,10-12K,京翰教育
投资总监,10-20K,源石财富
编辑,5-8K,今日教育集团
兼职编辑,3-6K,圣才电子书
资深编辑,11-20K,趣智阿尔法
课程设计,15-30K·13薪,聪明核桃教育
汽车销售,10-15K,波士瑞达
汽车销售,6-11K,庆红房车汇
汽车销售,15-30K,车网天下
汽车销售,10-20K,天朔集团
汽车销售,3-6K,北京迈西卡科技
汽车销售,2-7K,联发志成汽车4s店
汽车销售,10-20K,悦泽诚基
广告创意,10-20K,简壹影业
广告创意,15-30K,映天下
广告创意,6-10K,亚狮传媒
广告创意,7-12K,中微互动(广告营销)
广告创意,10-12K,和丰创意
广告创意文案,10-20K,光和影
海外视频广告创意策划师,25-50K,FunPlus
短视频广告创意策划,9-14K,蓝标传媒
广告创意,6-12K,简创意空间
风控算法专家,40-70K,微店
投资经理,10-15K,源石财富
投资经理,10-15K,源石财富
投资经理,15-25K,天九共享孵化集团
投资经理,15-30K,品今控股集团
投资经理,10-11K,HD
教务管理,4-5K,北京龙举云兴教育公司
教务管理,9-13K,学霸君
教务管理,5-7K,美吉姆
教务管理老师,4-5K,水木京华
教务管理,6-8K,中公教育
投资总监,10-15K,汇中财富
投资总监,20-40K,瑞达环球
投资总监,15-20K,欧笙国际投资
投资总监,18-26K,方创资本
英语编辑,6-8K,曲一线
场景编辑,18-25K,天马时空
策划编辑,7-11K·13薪,中国知网
科技编辑,12-16K,搜狐媒体
电子书编辑,4-6K,圣才电子书
评测编辑,12-20K,百宝新媒体
编辑部主任,10-15K,紫图图书
汽车维修,5-7K,尊沃行
课程设计,6-8K,SIA艺术教育
课程设计,10-20K,VIPKID
课程设计,8-15K,育铭天下科技
课程设计,15-30K,云学堂
课程设计 (MJ000008),13-26K·13薪,聪明核桃教育
课程设计,5-8K,德莫特尔
英语课程设计,15-25K,洋葱数学
理科课程设计,10-20K,洋葱数学
资深文案,8-12K,万门教育
汽车销售,15-20K,龙鹏伟业
汽车销售,6-11K,卡盟网
汽车销售,5-10K,翔宇星驰
汽车销售,10-15K,顺天隆恩
汽车销售,10-15K,旗鹏新能源汽车
新能源汽车销售,12-13K,天朔集团
汽车销售,8-13K,北京荣兴行
汽车销售前台,4-6K,兴奥晟通
汽车销售课程开发讲师,8-12K,德莫特尔
广告创意短视频编导,8-13K,核桃林传媒
广告创意,6-10K,录客传媒
商业短视频广告创意策划,10-15K,光合尚映
广告创意,10-15K,舜风国际
风控,10-18K,平安普惠
风控算法工程师,20-40K,今日头条
风控策略-高级开发工程师,30-50K,美菜网
风控产品经理,25-50K·14薪,京东数字科技
投资经理,6-11K,北京源石财富有限公司
投资经理,15-26K,北京华玺财富
投资经理,6-12K,华盛天下资本
投资经理,10-15K,英锟影业
投资经理助理,8-15K,品今投资基金
投资经理,6-11K,竟合致远
投资经理,9-12K,中国中投证券有限...
高级投资经理,6-11K,华福证券
投资经理,10-15K,清朋华友
教务管理,5-7K,首冠教育科技
教务管理,7-10K,文新学堂
班主任/教务管理,10-20K,海风教育
教务管理,6-7K,北纬森教育
教务管理,7-12K,学堂在线
教务管理,6-12K,京尚书教育
教务管理,6-8K,跟谁学
教务管理,5-8K,京翰教育
教务管理,6-12K,学大教育
教务管理,8-12K,学堂在线
教务管理,5-7K,乐思来儿童科技教育
投资总监,10-20K,利得金融集团
投资总监 (MJ000829),30-60K,天九共享孵化集团
投资总监,10-15K,国商联盟资本
投资总监 (MJ000689),30-50K,天九共享孵化集团
投资总监,15-20K,资本汇
人力资源专员/助理,6-11K,中国平安
销售经理,12-24K,中工信融
销售专员,15-30K,58到家
市场推广专员,5-10K,北京英孚教育
CEO/总裁/总经理,10-20K,嘉美东方
财务管理顾问,8-11K,用友北京分公司
汽车维修,4-7K,华益德泓汽车
汽车维修,6-11K,易车生活
汽车维修学徒,1-2K,新孚美
汽车维修,6-11K,易车生活
汽车维修经理/主管,8-13K,GoFun出行
汽修技术总监,13-25K,途虎养车
汽车维修,8-12K,鑫奥通
汽车维修,6-8K,北京金星众捷汽车
汽车维修技师,6-11K,易车生活
汽车维修,3-8K,尊沃行
汽车维修,5-8K,凯鑫通
汽车维修技师,6-11K,易车生活
汽车维修技师,10-11K,易车生活
在线课程设计,6-12K,弘远博学
课程设计,15-20K,微语言
营地课程设计,15-20K·14薪,启行营地
课程设计,10-15K,中盟教育
课程设计,8-13K,唯学教育
物理课程设计,10-20K,洋葱数学
小学数学课程设计,10-20K,洋葱数学
文案策划,5-8K,珠江钢琴北京艺术之家
文案编辑,6-10K,黛美国际医疗整形
文案,5-9K,仁仁家教育
文案策划,8-10K,元通世纪
文案,8-13K·13薪,中科耀华
文案,10-15K,好利来
文案策划,6-10K,品星贸易
文案,14-20K,新意互动
文案,5-7K,北辰公寓
汽车销售经理,10-12K,闻视频
房车销售顾问汽车销售展厅销售,6-12K,汇诚鑫达房车
汽车销售,2-7K,亿晟辉
汽车销售,12-20K,悦泽诚基
汽车销售,6-11K,车置宝
汽车销售,6-8K,通银付
弹个车汽车销售,5-10K,车易得
汽车销售,15-30K,圣承方略
销售顾问,9-13K,北京联购汽车有限公司
投资顾问,10-11K,天朔集团
销售专员,10-15K,天朔集团
市场营销,9-14K,中国平安
广告创意,15-25K,北京中视北方影视
广告创意,10-15K,北京思锐品牌咨询机构
广告创意,4-8K,北京中艺装饰
广告创意设计师,15-30K·14薪,竞技世界
行政主管,5-8K,中国平安综合金融
风控模型专家,25-40K,金山办公软件
高级风控产品经理,15-30K,百度
风控算法,30-50K·15薪,360金融
风控平台开发,20-30K·15薪,闪送
策略/算法专家（风控/反作弊）,40-70K,奇虎360
风控产品经理,20-30K,易到用车
投资经理,13-26K,资利
投资经理（文旅）,12-20K,瑞熙基金
投资经理,10-15K,和信财富
投资经理,7-14K,北京寅丰联网络
投资经理,4-6K,和谐众生
投资经理/总监,10-15K,美天科技
战略投资经理,40-70K·13薪,九瑞健康
投资经理,4-5K,华信金融
投资经理,8-11K,中国中投证券有限...
教务管理,5-8K,唯美舞动
教务管理,5-10K,至慧学堂
教务管理（产品服务方向）,5-8K,中公教育
教务管理,6-8K,潇云文化
教务管理,4-7K,英旗教育
教务管理,4-9K,慧鱼音画（北京）...
教务管理,5-6K,润苗
急招教务管理,5-9K,姜杰钢琴琴城
教务管理,5-8K,清艺汇
教务管理,5-7K,创艺典
教务管理,5-7K,奥思教育
高级投资总监,10-15K,方富天元
投资总监助理,8-12K,品今(北京)基金
投资总监 (MJ000784),30-60K,天九共享孵化集团
投资总监,10-11K,资本汇
投资总监,100-110K,天九共享孵化集团
战略投资总监,10-15K·24薪,财金通
投资总监,20-30K,天九共享孵化集团
投资总监,10-20K,金牡丹环球嘉年华
投资总监,20-35K,中科创星
投资总监,20-40K,大件会
投资总监,12-15K,安迪夫
人事专员/助理,5-9K,中国平安
人力资源专员/助理,7-12K,中国平安综合金融集团
人力资源专员/助理,8-12K,中国平安
人力资源专员/助理,6-8K,汇合发展
人力资源专员/助理,4-6K,源石财富
人力资源专员/助理,5-6K,北京盛世物业公司
人力资源专员/助理,4-8K,中国平安集团
人事助理专员,3-6K,中国人寿
人力资源助理/专员(实习),4-8K,泛微网络
人力资源专员/助理,4-6K,北京精锐教育
销售经理,10-15K,天朔集团
销售经理,11-20K,缤纷鸟
销售经理,30-50K,中信保诚
销售经理,10-12K,Lianjia.链家
销售经理,8-13K,中国平安综合金融集团
销售专员,4-8K,北京链家
销售代表,5-10K,捷信消费金融有限公司
销售专员,7-8K,领先未来
销售专员,8-9K·15薪,中信银行信用卡(北京)
销售专员,5-10K,鹏博士集团
销售专员,15-20K,创创股份
销售专员,15-25K,北京链家
市场推广顾问,6-10K,华尔街英语
市场推广经理,9-14K,美因基因
市场推广,8-13K,伊电园
市场推广,6-8K,北京英孚教育
市场推广,4-8K,美联英语
市场推广,8-12K,聚能教育有限公司
市场推广,5-10K,纽约国际儿童俱乐部
市场推广,5-10K,文都教育
副总经理/副总裁/执行CEO,18-25K,德道体育
CEO/总裁/总经理,20-40K,中惠元景
CEO/总裁/总经理,15-30K,壹玖壹玖
财务顾问,15-20K,翌能
实施顾问（财务）,8-13K,鼎捷软件
实施顾问（财务软件）,10-15K·14薪,远光软件
实施顾问（财务方向）,8-10K,北方科诚
实施顾问（财务/供应链）,8-13K,用友网络
高级实施顾问（财务方向）,15-25K,远光软件
助理预算顾问（财务&ERP经验）,5-10K,鑫瑞天翔
SAP财务顾问,10-15K,思创宏拓
汽车维修,5-8K,中润信和
汽车维修技师,5-7K·13薪,爱驰义汽车
汽修技师,4-7K,中汽恒泰
汽车维修,4-8K,鑫奥通
汽车维修,4-8K,鑫奥通
汽车维修,6-8K,京龙博派
汽车维修技师,5-8K,易车生活
汽车维修,6-10K,鑫奥通
汽车维修,10-15K,博瑞恒通
课程设计,12-24K,嘉宾传媒
课程设计（scratch/python）,20-30K·13薪,WeCode
课程设计,15-30K,聪明核桃教育
高中数学课程设计,12-20K·13薪,洋葱数学
课程设计,8-12K,麦思顿国际
课程设计,6-10K,易知信息
小学数学课程设计（校招）,10-15K·13薪,洋葱数学
课程设计,16-28K,外教易
化学课程设计,11-20K,洋葱数学
电商文案,6-10K,北京格力电器
课程文案,8-12K,万门教育
文案策划,8-13K,航天十二院
文案策划,8-15K,跟谁学
资深文案策划,8-12K,天月羲和文化传播
文案策划,6-12K,北京美天
文案策划,6-8K·13薪,中国知网
销售顾问,8-12K,天朔集团
实习生,4-6K,天朔集团
市场营销,8-10K,中国人寿
市场营销,10-15K,时代文仪
市场营销,20-30K,中国人寿
市场营销,5-10K,远行地产
市场营销,10-12K,品今控股
市场营销,10-15K,北京丽兹行
市场营销,12-20K,招商银行信用卡中心
市场营销,15-30K,中国人寿
市场营销,8-16K,欧美思
行政主管,6-12K,大都会人寿
行政主管,8-10K,中国平安人寿保险
行政主管,8-10K,中国平安综合金融集团
行政后勤主管,8-10K,纳通医疗集团
行政主管,4-5K,比如世界
行政主管,6-8K,深圳丝路
行政主管,5-7K,美菜网
行政主管,6-8K,鸿图科华商贸
行政主管,6-8K·13薪,心美大
风控-高级Java开发工程师,20-40K,美菜网
风控,8-15K,鸿泰鼎石资产管理
风控,7-12K,平安普惠
风控建模,25-35K·14薪,中和农信
风控产品经理,15-25K,GEO集奥聚合
风控,5-8K,友信
投资经理,10-20K,四正投资
投资经理,15-30K,野马基金
投资经理,11-20K,kisslink
教务管理,10-15K,龙门尚学
教务管理,5-8K,北京金学郎教育
高级法学专业投资总监,13-15K,方富天元
投资总监,20-40K,微尚创客
投资总监,10-15K,琰旭基金
投资总监,10-15K,茂源蓝天
投资总监,10-20K,九鼎鸿艺集团
投资总监,10-20K,紫荆花众创基地
人力资源专员/助理,5-8K,中国平安综合金融集团
人力资源专员/助理,3-8K,北京源石财富
人事助理专员,8-13K,中国平安
人事专员/助理,4-6K,威远保安
人事专员/助理,7-9K,中国平安综合金融集团
人力资源专员/助理,5-7K,轻创知识产权代理
销售经理,15-30K,北京美年大健康
销售经理,10-15K,中国人寿
销售经理,10-12K,Lianjia.链家
销售经理,10-15K,中国人寿
销售经理,9-13K,北京麦田房产
销售经理,6-10K,我爱我家
销售经理,9-18K,平安银行信用卡中心
销售经理,10-15K,普信恒业
销售经理,18-36K,华夏人寿
销售经理,16-30K,神州信息
西站高薪销售代表,12-20K,中诚致贷
销售专员,10-20K,中国平安
销售专员,20-30K,中国人寿
销售专员,10-15K,交通银行
销售专员,8-16K,中国平安
销售专员,8-16K,中国平安综合金融集团
市场推广专员,5-8K,顺丰速运
市场推广,7-12K,北京英孚教育
市场推广,5-10K,汉普森英语
市场推广顾问,5-10K,北京英孚教育
市场推广,15-30K,平安普惠苏州街分公司
市场推广,6-8K,锋安教育
总裁/总经理/董事长助理,6-7K,精选餐饮
总裁/总经理/董事长助理,10-15K,名品彩叶
副总裁/副总经理,20-40K·16薪,冠新软件
总裁/总经理/董事长助理,10-15K,鹿鼎策划
财务咨询顾问,11-20K,天职国际会计师事务所
财务实施顾问,18-35K,小米
ERP实施顾问（集团财务、制造业方向）,6-11K,浪潮云ERP
SAP财务顾问,10-15K,思创宏拓
SAP顾问（财务）,8-13K,思创宏拓
财务规划顾问,8-13K,源石财富
财务顾问,6-9K,小微律政
汽修教师,5-8K,北京万通汽车学校
汽车维修技师,7-8K·13薪,力众华援
汽车维修,3-4K,鑫奥通
汽车维修技师,8-10K,大通佳信
汽车维修,3-8K,荒原路华汽车服务
汽车维修,3-8K,安惠养车
少儿英语课程设计,15-25K,鲸鱼外教培优
Scratch课程设计,20-30K·13薪,WeCode
课程设计,10-15K,正己基业
汽车科技课程设计经理,8-13K,智东西
英语课程设计,15-22K·13薪,洋葱数学
文案策划专员,9-14K·14薪,我爱我家
文案策划,10-15K,青华园教育
文案策划,6-8K,北京巨龙伟业
文案策划,6-12K,马哥教育
文案策划,8-13K,姿美堂
文案策划,4-8K,藤门国际教育
资深产品运营,20-35K,爱奇艺
产品总监,50-80K,好未来
web前端,20-40K,用友网络
PHP,14-28K,中公教育集团
市场营销,15-20K,招商银行信用卡中心
市场营销,10-15K,品今控股集团
市场营销,8-10K,北京麦田房产
市场营销,5-10K,艾克瑞特机器人教育
市场营销专员,7-12K,ACG国际艺术
市场营销,5-8K,源石财富
行政主管,5-6K,瑞禧婚礼庄园
行政主管,5-7K,天禧天元
物业行政主管,5-6K,中房物业
行政主管,5-8K,家有购物集团
行政主管,8-10K,58到家
风控策略模型,25-35K·16薪,携程旅行网
风控,8-15K,平安普惠
风控系统开发工程师,18-25K,Boss直聘
风控经理,6-12K,鸿泰鼎石
风控策略岗,15-22K,京东集团
风控,15-30K,度小满金融
搜狗金融-风控算法工程师,30-60K·15薪,搜狗
行业风控PMO,10-15K,百度
高级投资经理,5-6K,华福证券北京分公司
投资经理,15-30K,宜信公司
投资经理,15-25K,信义资本
投资总监,15-30K,聚元资本
投资总监,20-40K,童班童学
投资总监/经理,12-18K,北京鲁润国泰
人力资源专员/助理,5-8K,中国平安
人力资源专员/助理,5-10K,中国平安综合金融集团
人事专员/助理,5-6K,华夏国医人（北京...
人事助理专员,5-10K,中国平安
人事专员/助理,6-12K,中国平安
人力资源专员/助理,5-10K,美丽新居
人力资源专员/助理,3-5K,大远未来
人力资源专员/助理,5-7K,小鸟观映
销售经理,10-15K,自如
销售经理,10-15K,国商集团
销售经理,6-10K,天九共享集团
销售经理,30-35K,中工信融
销售经理,8-15K,北京链家
销售经理,8-13K,北京麦田房产
销售专员,12-24K,中国平安
销售代表,10-15K,中国人寿
销售专员,7-12K,和信
市场推广,10-14K,北京影响力
市场推广专员,5-10K,北京英孚教育
市场推广,8-15K,交通银行
市场推广,7-12K,唐城卡巴
市场推广BD,10-15K,招商银行信用卡中心
市场推广专员,5-10K,北京英孚教育
市场推广,10-15K,火山阳光体育
市场推广专员,6-12K,北京英孚教育
市场推广专员,8-12K,TutorABC
总裁/总经理/董事长助理,10-15K,世讯卫星技术有限公司
总裁/总经理/董事长助理,8-10K,中广煜盛文化传播
总裁/总经理/董事长助理,8-15K,世林德
总裁助理/总助/总经理秘书,6-9K,微妙军团
总裁/总经理/董事长助理,10-15K,星澜科技
财务咨询顾问,8-12K,摩天之星北京分公司
财务预算SaaS实施顾问,20-40K,甲骨文
实施顾问-财务类,7-12K,北方科诚
财务规划顾问,10-11K,源石财富
财务顾问（Financial Analyst）,11-20K,金知GICC
汽车维修,4-9K,京圳
文案,6-11K,润美玉之光
文案策划,10-15K·13薪,快道
广告文案创意,8-10K,光合尚映
文案,5-8K,龙媒时代
文案策划,8-12K,北京大声恩特娱乐
策略产品运营,15-30K,尚德机构
产品运营,10-15K,果粒科技
产品运营,20-25K,腾讯科技(北京)公司
产品运营专家,7-12K,哈希泰格
POI产品运营专家,20-35K·15薪,马蜂窝
增长产品运营,18-30K,今日头条
产品运营,6-12K,中国太平洋人寿保险
产品运营,15-25K,微博
理财产品运营,20-40K,滴滴
产品总监,25-35K,牛卡福网络科技
产品总监,30-60K,京东集团
产品总监,30-50K,苏宁体育
产品总监,40-70K,同程艺龙
产品总监,25-35K,优贝乐教育
产品总监,40-70K,贝壳找房
产品总监（学生端） (MJ000183),35-60K·15薪,聪明核桃教育
产品总监,30-35K,富通科技
新媒体运营,5-8K,禾葡兰
web前端,10-15K,新致软件
web前端,12-15K,京东集团
web前端,10-15K,宇信科技
web前端,9-18K,方正电子
web前端,15-20K,软通动力
web前端,8-13K,太极股份
web前端,20-40K,学霸君
PHP,18-25K,百度
PHP工程师,20-35K,寺库
PHP,11-20K,博彦科技
PHP,30-50K,美菜网
PHP,30-60K,映客直播
PHP,6-10K,技能云_SkillCloud.cn
高级PHP工程师,20-35K·15薪,百度
高级PHP工程师,25-35K·14薪,京东集团
PHP,20-40K,百度
平面设计,8-12K,我爱我家
市场营销,6-12K,华文创展(通信)
市场营销,5-10K,北京麦田房产
市场营销,5-8K,北京麦田房产
市场营销,6-7K,鲁海食品
市场营销,5-10K,万门教育
市场营销月薪16000元,12-20K,招商银行信用卡中心
市场营销调查专员,20-40K,中国人寿保险股份公司
市场营销,10-20K,招商银行信用卡中心
UI设计师,5-10K,东信北邮
产品经理,20-40K,自如网
行政主管,7-10K,成名时代
行政主管,7-10K,豆盟
行政主管,10-15K·14薪,58到家
行政收银主管—COS北京店(J13166),6-8K,H&M
风控,8-12K,平安普惠投资咨询有限公司
风控模型总监,30-60K,易梦缘科技
风控,7-10K,鸿泰鼎石资产管理
Java架构师（风控）,25-45K·14薪,中关村科金
风控算法工程师,20-30K,马上消费金融
人力资源专员/助理,6-8K,亦庄文化科技中心
人力资源专员/助理,4-6K,汉克时代
人力资源专员/助理,3-6K,源石财富
人力资源专员/助理,4-6K,北煜中联
人力资源专员/助理,15-30K,恒安标准人寿北分
销售经理,7-14K,怪兽充电
销售经理,10-15K,宜信公司
IT-销售经理,6-11K,宝德计算机
销售经理,15-30K,中国平安
销售经理,15-30K,北京源石财富
销售经理,10-20K,华信金融
销售经理,16-30K,北京链家
销售经理,20-40K,中国平安综合金融集团
销售专员,8-16K,中国平安
销售代表,8-12K,天津承远房地产
销售专员,7-12K,中信信用卡北京分中心
销售专员,9-14K,中国平安
销售专员,20-33K,四正投资
销售代表,10-20K,中信银行信用卡(北京)
销售专员,5-10K,四正投资
市场推广,6-8K,北京学之沐
市场推广,6-10K,七田真
市场推广,8-13K,TutorABC
市场推广,10-15K,交通银行
市场推广,6-9K,中公教育
官网市场推广专员,4-8K·13薪,联想集团
总裁/总经理/董事长助理,10-15K,嘉信资源
总裁/总经理/董事长助理,5-10K,亚虎有限公司
总裁/总经理/董事长助理,16-21K,锦绣家居
总裁/总经理/董事长助理,8-13K,量子资产
财务顾问,5-6K,奥盈
售前顾问（财务信息化）,16-26K,远光软件
财务咨询顾问,17-24K,北京通华大地网络...
财务咨询顾问,20-40K,勤威咨询
编辑文案写手,7-13K,达闼科技
文案,4-8K,晚安科技
产品运营高级经理,30-50K,滴滴
产品总监,15-30K,金榜题名
产品总监,30-60K·16薪,姿美堂
商业产品总监 (MJ000785),100-110K·15薪,马蜂窝
产品总监,30-60K,点点未来
产品总监,20-35K,长亭科技
产品总监/经理,20-40K,微医集团
优选产品总监,10-15K,星宏电讯
产品总监,45-65K,好未来
数据产品总监,40-80K,马蜂窝
产品总监,12-18K,神玉
产品总监,35-40K·14薪,智慧互通
新媒体运营,8-12K,厨芯
新媒体运营,6-8K,天道教育集团
新媒体运营,10-15K,Boss直聘
新媒体运营专员,5-10K,意悠朵美胸
新媒体运营,6-10K,玖小时
新媒体运营,7-12K,上海轻凝文化
新媒体运营专员,8-10K,新航道国际教育集团
新媒体运营,10-15K,丽家宝贝
新媒体运营,1-6K,百度
新媒体运营经理,12-20K·14薪,58到家
新媒体运营专员,7-9K,新航道国际教育集团
web前端,20-40K,滴滴出行
web前端,10-15K,北信工
web前端,20-40K,京东集团
WEB前端,20-35K,掌通未来科技
WEB前端,10-15K,文思海辉·金融
web前端,10-15K,汉克时代
web前端,10-15K,科蓝软件
web前端,15-30K,顺丰科技
web前端,15-25K,京东集团
WEB前端研发专家,30-50K·15薪,饿了么
web前端,25-40K,好未来
web前端,20-40K,阿里巴巴集团
PHP,10-15K,千索
php,8-16K,软通动力
PHP,18-30K,好未来
PHP,25-45K,唱吧
PHP研发工程师,15-30K,百度在线
平面设计,5-10K,家有购物集团
平面设计,10-15K,北京水象
平面设计师,7-12K,绫致时装
平面设计,5-10K,北京凡拓
平面设计,5-8K,先声互动
平面设计师（商业）,15-25K,陌陌
平面设计师,9-13K·13薪,省广博报堂北京分公司
平面设计,6-8K,星语心愿
市场营销,10-15K,宜信公司
市场营销经理,25-35K,立风科技
市场营销总监,25-40K,智诚安环
市场营销,13-18K,中国人寿
市场营销,10-15K,中国人寿
市场营销,6-11K,远行地产
UI设计师,6-12K,东道品牌集团
UI设计师,8-13K,东信北邮
UI设计师,20-30K,泰洋川禾
实习UI设计师,2-4K,绿盟科技
产品经理,15-25K·13薪,北京恒昌利通
产品经理,20-21K,VIPKID
产品经理,30-50K,美菜网
产品经理,12-24K,聚力传媒PPTV
策略产品经理（北京）,25-50K,饿了么公司
用户产品经理,30-60K,松果出行
产品经理,18-25K,数字认证
产品经理,10-15K,东方网景
行政主管,10-15K,漫域网
人事专员、主管、行政内勤,6-11K,中国平安综合金融集团
行政主管,4-6K,谊和医疗
人力行政专员/主管,6-8K,浩文世纪房地产广告
集团总部行政经理/主管,10-15K,第一资产
人事行政主管,7-12K,上海广拓
行政经理/主管/总监,8-13K,慧美人生
人事行政主管/专员,6-10K,辉展资产
人事行政主管,6-8K,莱克伟业
行政人事主管,6-8K,漫域网
人事行政主管,7-12K,上海广拓
销售专员,5-9K,潮宏基
销售代表,5-6K,雅昌艺术网
销售专员,9-14K,巴乐兔
销售专员,9-14K,华信金融
销售专员,13-23K,华信金融
销售专员,10-15K,宜信公司
总裁/总经理/董事长助理,6-10K,藤薰定制
总裁/总经理/董事长助理,8-13K,大易世
总裁/总经理/董事长助理,10-15K,世纪影业有限公司
总裁/总经理/董事长助理,20-40K,大韵和声文化公司
总裁/总经理/董事长助理,7-9K,新天译
总裁/总经理/董事长助理,8-12K,贴心医生
总裁/总经理/董事长助理,10-20K,企课网
总裁/总经理/董事长助理,8-13K,北京永鑫嘉诚安装公司
总裁/总经理/董事长助理,7-14K,北京航科睿达科技...
用友NC实施顾问-财务供应链方向,8-13K,北京西西科技有限...
财务咨询顾问,20-40K,用友网络科技
财务咨询顾问,5-8K,亿隆财务
用户运营经理（产品运营方向）,25-30K,VIPKID
资深产品运营师,15-20K,百度
高级产品运营,15-25K,滴滴出行
产品运营,5-7K,搜狗
数据产品运营,15-25K,大搜车
产品运营,15-20K,果粒科技
产品运营,8-15K,悦美网
线上产品运营,15-25K,北京菜鸟在线教育
产品总监,35-60K,神州租车
产品总监,30-50K,宝宝树
新媒体运营专员,6-8K,中公教育
新媒体运营,11-16K,VIPKID
新媒体运营,9-12K,跟谁学
新媒体运营,6-10K,旧城文化传媒
新媒体运营专员,5-9K,华图教育
web前端,15-25K,北京安达维尔科技...
web前端,15-30K,滴滴
web前端,15-30K,小米
web前端,25-35K,云图微动
web前端,15-30K,京东数字科技
web前端,11-17K·13薪,京东集团
web前端,7-14K,北唐
PHP工程师,17-30K,巨化集团
PHP,10-15K,企名片
PHP工程师,25-40K·14薪,好未来
PHP,15-30K,鸿合
PHP,18-30K,烽鸟出行
PHP工程师,20-40K,好未来
PHP,20-40K,鑫瑞天翔
平面设计,8-12K,北京千喜鹤
平面设计师,10-15K,好利来
平面设计,6-8K,录客传媒
平面设计师,7-12K,中公教育
平面设计,9-13K,君为
平面设计,8-12K,天图集团
平面设计,7-10K,中泰证券
平面设计,5-8K,乳婴堂
平面设计,6-8K,美信金融
平面设计,6-10K,易教阳光教育
UI设计师,10-15K,北京泰豪
产品经理,30-45K,小糖互联
产品经理,15-30K,京东物流
产品经理,12-24K·13薪,壁虎车险
搜索产品经理,20-40K·14薪,寺库
用户增长产品经理,25-50K,美术宝
产品经理,7-10K,中国知网
产品经理,15-28K,睿家科技
产品经理,15-20K,直真科技
平台型产品经理,12-20K,奇虎360
总裁/总经理/董事长助理,10-20K,善待集团
总裁/总经理/董事长助理,13-22K,华泰鼎盛
总裁/总经理/董事长助理,6-7K,千帆国际
副总裁/副总经理,20-30K,宝昌园林
财务咨询顾问,12-24K,华世咨询
财务咨询顾问,5-10K,盛壹丨商务
数据产品经理/数据产品运营,30-55K,京东集团
AI产品总监/经理,15-30K,探境科技
产品总监,15-25K,医视界
产品总监,20-40K,搜房网房天下
产品总监,35-50K,汇中财富
供应链产品总监,30-60K,瑞幸咖啡
产品总监,40-60K,蛋壳公寓
产品总监,35-55K,墨迹天气
新媒体运营,9-12K,鸿合
新媒体运营,8-13K,学魁榜教育
新媒体运营,8-16K,都仕雅阁
新媒体运营,8-13K,ARC
新媒体运营,11-20K,新东方在线
新媒体运营,7-10K,华图教育
新媒体运营,6-9K,优享健身
新媒体运营,10-15K,智者品牌
新媒体运营,4-6K,漫域网
新媒体运营,6-10K,中公教育
新媒体运营编辑,8-10K,北京蒙娜丽莎婚纱摄影
区块链新媒体运营,10-15K,OKCoin
Web前端工程师,20-40K·16薪,今日头条
web前端,20-30K,宜车时代/宜买车
web前端leader,13-24K,中审华会计师事务所
PHP工程师,15-20K,北京看购电影
平面设计师,8-10K,东易日盛
平面设计,4-6K,中海启航
平面设计,8-12K,爱慕股份有限公司
平面设计,6-10K,至慧学堂
平面设计,15-25K,ACG国际艺术
平面设计,7-10K,薇琳医美
平面设计师,8-12K,依文集团
平面设计师,8-12K,Eunicegroup
平面设计,10-12K,华章世纪
平面设计助理,5-8K,伊恩生物科技有限公司
平面设计,5-10K,汉谷教育
UI设计师,15-20K,中交兴路
UI设计师,9-10K,圣世信通
UI设计师,18-23K·13薪,Boss直聘
高级UI设计师,13-25K,中国移动设计院
UI设计师,20-30K·14薪,微店
高级UI设计师,17-23K·13薪,蕾蕾美颜
UI设计师,11-18K,法本信息
UI设计师,10-15K,秘易网络
UI设计师,10-15K,风影科技股份有限...
高级UI设计师,20-30K,好未来
UI设计师(J10067),20-30K·13薪,团车网
高级UI设计师,20-30K,竞技世界
产品经理,15-25K,亚信科技
产品经理,20-40K·14薪,老虎集团
产品运营（房地产）,10-15K·14薪,京东世纪贸易有限公司
产品运营专家,30-45K·14薪,58到家
产品运营,5-9K·14薪,东方中恒
产品运营,15-28K,当当网
产品运营,10-15K,轻课
产品运营专家,15-25K,VIPKID
产品运营,10-15K,梦创家
支付产品运营,6-8K,联拓金融
产品运营,15-25K,本木医疗
CRM产品运营,10-15K,自如网
新媒体运营主管,12-16K·13薪,启航考研
高级PHP,20-30K,奥琦玮
PHP,15-30K,辽源誉隆亚东药业
PHP广告,16-30K,北京新氧万维
PHP工程师,12-13K·13薪,大V店
PHP,6-9K,明泰科技
PHP,13-20K,奥琦玮
PHP,25-50K,滴滴
ui设计师,7-10K,丝路彩虹
资深UI设计师,10-20K,绿盟科技
美术UI设计师,15-30K,快手
UI设计师,7-12K,人民在线
UI设计师,25-30K·14薪,VIPKID
产品经理,30-40K,瑞幸咖啡
产品经理,10-20K,登云美业
产品经理,15-25K,大搜车
产品经理,20-30K,云南白药
产品经理,15-25K·14薪,新奥数能
产品经理,20-35K,京东
产品经理,8-16K,墨臣
产品经理,10-20K,美利金融
ERP产品经理,18-35K,歌德盈香股份
资深产品经理,25-50K·16薪,快手
UI设计师,12-22K,上游网络
高级UI设计师,20-40K,今日头条
高级UI设计师,15-30K,快手
UI设计师,6-10K,非凡影界
UI设计师,10-15K,致医健康
高级UI设计师,20-30K,华清飞扬
高级UI设计师,15-25K,好未来
